Handle,Title,Body (HTML),Vendor,Type,Tags,Published,Option1 Name,Option1 Value,Option2 Name,Option2 Value,Variant SKU,Variant Grams,Variant Inventory Tracker,Variant Inventory Qty,Variant Inventory Policy,Variant Fulfillment Service,Variant Price,Variant Compare At Price,Variant Requires Shipping,Variant Taxable,Image Src,Image Position,Image Alt Text,Variant Image,Status
acx-house-blend-beans,House Blend Coffee Beans,"<p>A balanced medium roast with notes of cocoa, caramel and orange. Roasted weekly.</p>",Yasir Demo Lab,Coffee,acx-product,TRUE,Size,250 g,Grind,Whole bean,ACX-HOUSE-BLEND-BEANS-1,500,,,deny,manual,16.00,,TRUE,TRUE,https://images.unsplash.com/photo-1562051036-e0eea191d42f?w=1000&h=1000&fit=crop&crop=entropy&fm=jpg&q=80,1,Coffee beans in an open paper bag,,active
acx-house-blend-beans,,,,,,,,250 g,,Espresso,ACX-HOUSE-BLEND-BEANS-2,500,,,deny,manual,16.00,,TRUE,TRUE,,,,,
acx-house-blend-beans,,,,,,,,250 g,,Filter,ACX-HOUSE-BLEND-BEANS-3,500,,,deny,manual,16.00,,TRUE,TRUE,,,,,
acx-house-blend-beans,,,,,,,,1 kg,,Whole bean,ACX-HOUSE-BLEND-BEANS-4,500,,,deny,manual,48.00,,TRUE,TRUE,,,,,
acx-house-blend-beans,,,,,,,,1 kg,,Espresso,ACX-HOUSE-BLEND-BEANS-5,500,,,deny,manual,48.00,,TRUE,TRUE,,,,,
acx-house-blend-beans,,,,,,,,1 kg,,Filter,ACX-HOUSE-BLEND-BEANS-6,500,,,deny,manual,48.00,,TRUE,TRUE,,,,,
acx-ceramic-dripper,Ceramic Pour-Over Dripper,"<p>A fluted porcelain dripper for a clean, bright cup. Fits most mugs and carafes.</p>",Yasir Demo Lab,Brewers,acx-product,TRUE,Color,White,,,ACX-CERAMIC-DRIPPER-1,500,,,deny,manual,34.00,,TRUE,TRUE,https://images.unsplash.com/photo-1774296478874-13f2c1514ef9?w=1000&h=1000&fit=crop&crop=entropy&fm=jpg&q=80,1,White fluted ceramic pour-over dripper,,active
acx-ceramic-dripper,,,,,,,,Charcoal,,,ACX-CERAMIC-DRIPPER-2,500,,,deny,manual,34.00,,TRUE,TRUE,https://images.unsplash.com/photo-1783206695207-aa4deabafa7b?w=1000&h=1000&fit=crop&crop=entropy&fm=jpg&q=80,2,Charcoal pour-over dripper on a glass carafe,https://images.unsplash.com/photo-1783206695207-aa4deabafa7b?w=1000&h=1000&fit=crop&crop=entropy&fm=jpg&q=80,
acx-paper-filters,"Paper Filters, 100 Pack",<p>Unbleached paper filters that fit our pour-over dripper.</p>,Yasir Demo Lab,Accessories,acx-product,TRUE,Title,Default Title,,,ACX-PAPER-FILTERS-1,500,,,deny,manual,8.00,,TRUE,TRUE,https://images.unsplash.com/photo-1521677446241-d182a96ec49f?w=1000&h=1000&fit=crop&crop=entropy&fm=jpg&q=80,1,Paper filter with ground coffee in a dripper,,active
acx-glass-carafe,Glass Coffee Carafe,<p>A 600 ml heat-resistant borosilicate server with a pouring spout.</p>,Yasir Demo Lab,Brewers,acx-product,TRUE,Title,Default Title,,,ACX-GLASS-CARAFE-1,500,,,deny,manual,29.00,,TRUE,TRUE,https://images.unsplash.com/photo-1574359172160-c7ae4fadcacc?w=1000&h=1000&fit=crop&crop=entropy&fm=jpg&q=80,1,Glass carafe filled with coffee,,active
acx-gooseneck-kettle,Gooseneck Pour-Over Kettle,"<p>Precise, steady pours from a slim spout. Works on gas, electric and induction.</p>",Yasir Demo Lab,Kettles,acx-product,TRUE,Title,Default Title,,,ACX-GOOSENECK-KETTLE-1,500,,,deny,manual,79.00,95.00,TRUE,TRUE,https://images.unsplash.com/photo-1592417766326-088bf3da80c5?w=1000&h=1000&fit=crop&crop=entropy&fm=jpg&q=80,1,Black gooseneck kettle on a wooden table,,active
acx-hand-grinder,Hand Burr Grinder,"<p>Conical steel burrs with stepped grind settings, from espresso to French press.</p>",Yasir Demo Lab,Grinders,acx-product,TRUE,Title,Default Title,,,ACX-HAND-GRINDER-1,500,,,deny,manual,119.00,,TRUE,TRUE,https://images.unsplash.com/photo-1573066380308-24ff4c273dbc?w=1000&h=1000&fit=crop&crop=entropy&fm=jpg&q=80,1,Wooden hand coffee grinder,,active
acx-coffee-scale,Digital Coffee Scale,<p>Weighs to 0.1 g with a built-in timer for repeatable recipes.</p>,Yasir Demo Lab,Accessories,acx-product,TRUE,Title,Default Title,,,ACX-COFFEE-SCALE-1,500,shopify,5,deny,manual,45.00,,TRUE,TRUE,https://images.unsplash.com/photo-1753091122032-ddfb454849cc?w=1000&h=1000&fit=crop&crop=entropy&fm=jpg&q=80,1,Coffee beans weighed on a digital scale,,active
acx-stoneware-mug,Stoneware Mug,<p>A hand-glazed 350 ml mug that keeps coffee warm.</p>,Yasir Demo Lab,Mugs,acx-product,TRUE,Color,Sand,,,ACX-STONEWARE-MUG-1,500,shopify,5,deny,manual,22.00,,TRUE,TRUE,https://images.unsplash.com/photo-1570784332176-fdd73da66f03?w=1000&h=1000&fit=crop&crop=entropy&fm=jpg&q=80,1,White stoneware mug on a blue background,,active
acx-stoneware-mug,,,,,,,,Slate,,,ACX-STONEWARE-MUG-2,500,shopify,5,deny,manual,22.00,,TRUE,TRUE,,,,,
acx-stoneware-mug,,,,,,,,Moss,,,ACX-STONEWARE-MUG-3,500,shopify,0,deny,manual,22.00,,TRUE,TRUE,,,,,
acx-travel-tumbler,Insulated Travel Tumbler,<p>Double-walled steel keeps drinks hot for six hours. Back soon.</p>,Yasir Demo Lab,Mugs,acx-product,TRUE,Title,Default Title,,,ACX-TRAVEL-TUMBLER-1,500,shopify,0,deny,manual,32.00,,TRUE,TRUE,https://images.unsplash.com/photo-1604713055037-ef1ec567a47b?w=1000&h=1000&fit=crop&crop=entropy&fm=jpg&q=80,1,Steel travel tumbler held in two hands,,active
acx-cold-brew-bottle,Cold Brew Bottle,"<p>Steep overnight in the fridge for smooth, low-acid cold brew. Makes 1 litre.</p>",Yasir Demo Lab,Brewers,acx-product,TRUE,Title,Default Title,,,ACX-COLD-BREW-BOTTLE-1,500,,,deny,manual,39.00,,TRUE,TRUE,https://images.unsplash.com/photo-1591933940638-d253adcdcb98?w=1000&h=1000&fit=crop&crop=entropy&fm=jpg&q=80,1,Cold brew bottle beside two glasses of iced coffee,,active
acx-bean-sampler,Mini Bean Sampler,<p>A 50 g tasting jar of our current roast. Free with qualifying orders.</p>,Yasir Demo Lab,Gift,"acx-product, acx-gift",TRUE,Roast,Light roast,,,ACX-BEAN-SAMPLER-1,60,,,deny,manual,0.00,,TRUE,FALSE,https://images.unsplash.com/photo-1550608751-d38ee4dd799a?w=1000&h=1000&fit=crop&crop=entropy&fm=jpg&q=80,1,Glass jars filled with coffee beans,,active
acx-bean-sampler,,,,,,,,Dark roast,,,ACX-BEAN-SAMPLER-2,60,,,deny,manual,0.00,,TRUE,FALSE,,,,,
