Handle,Title,Body (HTML),Vendor,Type,Tags,Published,Option1 Name,Option1 Value,Option2 Name,Option2 Value,Option3 Name,Option3 Value,Variant SKU,Variant Grams,Variant Inventory Tracker,Variant Inventory Policy,Variant Fulfillment Service,Variant Price,Variant Requires Shipping,Variant Taxable,Status
custom-gift-box,Custom Gift Box,"<p>A rigid gift box you design yourself: choose the style, colour and size, then add a personal message printed on the lid.</p>",Yasir Demo Lab,Gift Box,pz-product,TRUE,Box style,Keepsake Box,Color,Classic,Size,Small,PZ-KEEPSAKE-CLASSIC-S,300,,deny,manual,24.00,TRUE,TRUE,active
custom-gift-box,,,,,,,,Keepsake Box,,Classic,,Medium,PZ-KEEPSAKE-CLASSIC-M,450,,deny,manual,32.00,TRUE,TRUE,
custom-gift-box,,,,,,,,Keepsake Box,,Classic,,Large,PZ-KEEPSAKE-CLASSIC-L,650,,deny,manual,42.00,TRUE,TRUE,
custom-gift-box,,,,,,,,Keepsake Box,,Rose,,Small,PZ-KEEPSAKE-ROSE-S,300,,deny,manual,24.00,TRUE,TRUE,
custom-gift-box,,,,,,,,Keepsake Box,,Rose,,Medium,PZ-KEEPSAKE-ROSE-M,450,,deny,manual,32.00,TRUE,TRUE,
custom-gift-box,,,,,,,,Keepsake Box,,Rose,,Large,PZ-KEEPSAKE-ROSE-L,650,,deny,manual,42.00,TRUE,TRUE,
custom-gift-box,,,,,,,,Keepsake Box,,Midnight,,Small,PZ-KEEPSAKE-MIDNIGHT-S,300,,deny,manual,24.00,TRUE,TRUE,
custom-gift-box,,,,,,,,Keepsake Box,,Midnight,,Medium,PZ-KEEPSAKE-MIDNIGHT-M,450,,deny,manual,32.00,TRUE,TRUE,
custom-gift-box,,,,,,,,Keepsake Box,,Midnight,,Large,PZ-KEEPSAKE-MIDNIGHT-L,650,,deny,manual,42.00,TRUE,TRUE,
custom-gift-box,,,,,,,,Keepsake Box,,Cream,,Small,PZ-KEEPSAKE-CREAM-S,300,,deny,manual,24.00,TRUE,TRUE,
custom-gift-box,,,,,,,,Keepsake Box,,Cream,,Medium,PZ-KEEPSAKE-CREAM-M,450,,deny,manual,32.00,TRUE,TRUE,
custom-gift-box,,,,,,,,Keepsake Box,,Cream,,Large,PZ-KEEPSAKE-CREAM-L,650,,deny,manual,42.00,TRUE,TRUE,
custom-gift-box,,,,,,,,Keepsake Box,,Forest,,Small,PZ-KEEPSAKE-FOREST-S,300,,deny,manual,24.00,TRUE,TRUE,
custom-gift-box,,,,,,,,Keepsake Box,,Forest,,Medium,PZ-KEEPSAKE-FOREST-M,450,,deny,manual,32.00,TRUE,TRUE,
custom-gift-box,,,,,,,,Keepsake Box,,Forest,,Large,PZ-KEEPSAKE-FOREST-L,650,,deny,manual,42.00,TRUE,TRUE,
custom-gift-box,,,,,,,,Drawer Box,,Classic,,Small,PZ-DRAWER-CLASSIC-S,300,,deny,manual,30.00,TRUE,TRUE,
custom-gift-box,,,,,,,,Drawer Box,,Classic,,Medium,PZ-DRAWER-CLASSIC-M,450,,deny,manual,38.00,TRUE,TRUE,
custom-gift-box,,,,,,,,Drawer Box,,Classic,,Large,PZ-DRAWER-CLASSIC-L,650,,deny,manual,48.00,TRUE,TRUE,
custom-gift-box,,,,,,,,Drawer Box,,Rose,,Small,PZ-DRAWER-ROSE-S,300,,deny,manual,30.00,TRUE,TRUE,
custom-gift-box,,,,,,,,Drawer Box,,Rose,,Medium,PZ-DRAWER-ROSE-M,450,,deny,manual,38.00,TRUE,TRUE,
custom-gift-box,,,,,,,,Drawer Box,,Rose,,Large,PZ-DRAWER-ROSE-L,650,,deny,manual,48.00,TRUE,TRUE,
custom-gift-box,,,,,,,,Drawer Box,,Midnight,,Small,PZ-DRAWER-MIDNIGHT-S,300,,deny,manual,30.00,TRUE,TRUE,
custom-gift-box,,,,,,,,Drawer Box,,Midnight,,Medium,PZ-DRAWER-MIDNIGHT-M,450,,deny,manual,38.00,TRUE,TRUE,
custom-gift-box,,,,,,,,Drawer Box,,Midnight,,Large,PZ-DRAWER-MIDNIGHT-L,650,,deny,manual,48.00,TRUE,TRUE,
custom-gift-box,,,,,,,,Drawer Box,,Cream,,Small,PZ-DRAWER-CREAM-S,300,,deny,manual,30.00,TRUE,TRUE,
custom-gift-box,,,,,,,,Drawer Box,,Cream,,Medium,PZ-DRAWER-CREAM-M,450,,deny,manual,38.00,TRUE,TRUE,
custom-gift-box,,,,,,,,Drawer Box,,Cream,,Large,PZ-DRAWER-CREAM-L,650,,deny,manual,48.00,TRUE,TRUE,
custom-gift-box,,,,,,,,Drawer Box,,Forest,,Small,PZ-DRAWER-FOREST-S,300,,deny,manual,30.00,TRUE,TRUE,
custom-gift-box,,,,,,,,Drawer Box,,Forest,,Medium,PZ-DRAWER-FOREST-M,450,,deny,manual,38.00,TRUE,TRUE,
custom-gift-box,,,,,,,,Drawer Box,,Forest,,Large,PZ-DRAWER-FOREST-L,650,,deny,manual,48.00,TRUE,TRUE,
pz-addon-premium-ribbon,Premium Ribbon,<p>Hand-tied satin ribbon and bow in a matching tone.</p>,Yasir Demo Lab,Gift Box Add-on,"pz-addon, pz-addon:ribbon",TRUE,Title,Default Title,,,,,PZ-ADDON-RIBBON,20,,deny,manual,3.00,TRUE,TRUE,active
pz-addon-gift-card,Gift Card,<p>A printed card tucked under the ribbon.</p>,Yasir Demo Lab,Gift Box Add-on,"pz-addon, pz-addon:card",TRUE,Title,Default Title,,,,,PZ-ADDON-CARD,20,,deny,manual,2.00,TRUE,TRUE,active
pz-addon-premium-packaging,Premium Packaging,<p>Tissue wrap and a gold-edged outer sleeve.</p>,Yasir Demo Lab,Gift Box Add-on,"pz-addon, pz-addon:packaging",TRUE,Title,Default Title,,,,,PZ-ADDON-PACKAGING,20,,deny,manual,5.00,TRUE,TRUE,active
