Handle,Title,Body (HTML),Vendor,Type,Tags,Published,Option1 Name,Option1 Value,Option2 Name,Option2 Value,Variant SKU,Variant Grams,Variant Inventory Tracker,Variant Inventory Qty,Variant Inventory Policy,Variant Fulfillment Service,Variant Price,Variant Compare At Price,Variant Requires Shipping,Variant Taxable,Image Src,Image Position,Image Alt Text,Status
stl-harbor-corner-sofa,Harbor Corner Sofa,<p>A deep-seated corner sofa with a reversible chaise and feather-wrapped cushions.</p>,Yasir Demo Lab,Sofas,"stl-product, stl-look:living",TRUE,Color,Charcoal,Orientation,Left chaise,STL-HARBOR-CORNER-SOFA-1,1000,,,deny,manual,1299.00,1499.00,TRUE,TRUE,"https://images.unsplash.com/photo-1550581190-9c1c48d21d6c?rect=322,1039,2898,1154&w=900&h=900&fit=clip&fm=jpg&q=80",1,Harbor Corner Sofa from the Modern Living Room look,active
stl-harbor-corner-sofa,,,,,,,,Charcoal,,Right chaise,STL-HARBOR-CORNER-SOFA-2,1000,,,deny,manual,1299.00,1499.00,TRUE,TRUE,,,,
stl-harbor-corner-sofa,,,,,,,,Oat,,Left chaise,STL-HARBOR-CORNER-SOFA-3,1000,,,deny,manual,1299.00,1499.00,TRUE,TRUE,,,,
stl-harbor-corner-sofa,,,,,,,,Oat,,Right chaise,STL-HARBOR-CORNER-SOFA-4,1000,,,deny,manual,1299.00,1499.00,TRUE,TRUE,,,,
stl-harbor-corner-sofa,,,,,,,,Sage,,Left chaise,STL-HARBOR-CORNER-SOFA-5,1000,,,deny,manual,1299.00,1499.00,TRUE,TRUE,,,,
stl-harbor-corner-sofa,,,,,,,,Sage,,Right chaise,STL-HARBOR-CORNER-SOFA-6,1000,,,deny,manual,1299.00,1499.00,TRUE,TRUE,,,,
stl-linen-throw-cushion,Linen Throw Cushion,<p>Stonewashed linen cover with a plump recycled-fibre insert. 50 × 50 cm.</p>,Yasir Demo Lab,Cushions,"stl-product, stl-look:living",TRUE,Color,Seafoam,,,STL-LINEN-THROW-CUSHION-1,1000,,,deny,manual,39.00,,TRUE,TRUE,"https://images.unsplash.com/photo-1550581190-9c1c48d21d6c?rect=1932,1068,604,519&w=900&h=900&fit=clip&fm=jpg&q=80",1,Linen Throw Cushion from the Modern Living Room look,active
stl-linen-throw-cushion,,,,,,,,Mustard,,,STL-LINEN-THROW-CUSHION-2,1000,,,deny,manual,39.00,,TRUE,TRUE,,,,
stl-linen-throw-cushion,,,,,,,,Botanical,,,STL-LINEN-THROW-CUSHION-3,1000,,,deny,manual,39.00,,TRUE,TRUE,,,,
stl-arc-floor-lamp,Arc Floor Lamp,<p>Matte black steel with a tilting shade and a warm dimmable glow.</p>,Yasir Demo Lab,Lighting,"stl-product, stl-look:living",TRUE,Title,Default Title,,,STL-ARC-FLOOR-LAMP-1,1000,,,deny,manual,149.00,,TRUE,TRUE,"https://images.unsplash.com/photo-1550581190-9c1c48d21d6c?rect=0,87,725,2020&w=900&h=900&fit=clip&fm=jpg&q=80",1,Arc Floor Lamp from the Modern Living Room look,active
stl-nesting-coffee-tables,Nesting Coffee Tables,<p>A pair of white-topped tables on solid oak legs that tuck neatly together.</p>,Yasir Demo Lab,Tables,"stl-product, stl-look:living",TRUE,Title,Default Title,,,STL-NESTING-COFFEE-TABLES-1,1000,,,deny,manual,249.00,289.00,TRUE,TRUE,"https://images.unsplash.com/photo-1550581190-9c1c48d21d6c?rect=1409,1587,1087,895&w=900&h=900&fit=clip&fm=jpg&q=80",1,Nesting Coffee Tables from the Modern Living Room look,active
stl-chevron-wool-rug,Chevron Wool Rug,<p>Hand-woven wool and cotton in a soft sage chevron.</p>,Yasir Demo Lab,Rugs,"stl-product, stl-look:living",TRUE,Size,160 × 230 cm,,,STL-CHEVRON-WOOL-RUG-1,1000,,,deny,manual,199.00,,TRUE,TRUE,"https://images.unsplash.com/photo-1550581190-9c1c48d21d6c?rect=805,2078,2496,779&w=900&h=900&fit=clip&fm=jpg&q=80",1,Chevron Wool Rug from the Modern Living Room look,active
stl-chevron-wool-rug,,,,,,,,200 × 290 cm,,,STL-CHEVRON-WOOL-RUG-2,1000,,,deny,manual,279.00,,TRUE,TRUE,,,,
stl-macrame-plant-hanger,Macramé Plant Hanger,<p>Hand-knotted cotton cord with a matte black pot.</p>,Yasir Demo Lab,Decor,"stl-product, stl-look:living",TRUE,Title,Default Title,,,STL-MACRAME-PLANT-HANGER-1,1000,,,deny,manual,29.00,,TRUE,TRUE,"https://images.unsplash.com/photo-1550581190-9c1c48d21d6c?rect=483,0,604,981&w=900&h=900&fit=clip&fm=jpg&q=80",1,Macramé Plant Hanger from the Modern Living Room look,active
stl-rattan-dome-pendant,Rattan Dome Pendant,<p>Hand-woven rattan that casts a soft patterned light.</p>,Yasir Demo Lab,Lighting,"stl-product, stl-look:bedroom",TRUE,Title,Default Title,,,STL-RATTAN-DOME-PENDANT-1,1000,,,deny,manual,129.00,,TRUE,TRUE,"https://images.unsplash.com/photo-1600210491305-7396500b5b31?rect=1800,0,960,930&w=900&h=900&fit=clip&fm=jpg&q=80",1,Rattan Dome Pendant from the Minimal Bedroom look,active
stl-washed-linen-duvet-set,Washed Linen Duvet Set,<p>Duvet cover and two pillowcases in breathable pre-washed linen.</p>,Yasir Demo Lab,Bedding,"stl-product, stl-look:bedroom",TRUE,Size,Queen,Color,Cloud,STL-WASHED-LINEN-DUVET-SET-1,1000,,,deny,manual,189.00,,TRUE,TRUE,"https://images.unsplash.com/photo-1600210491305-7396500b5b31?rect=600,1440,2000,1200&w=900&h=900&fit=clip&fm=jpg&q=80",1,Washed Linen Duvet Set from the Minimal Bedroom look,active
stl-washed-linen-duvet-set,,,,,,,,Queen,,Stone,STL-WASHED-LINEN-DUVET-SET-2,1000,,,deny,manual,189.00,,TRUE,TRUE,,,,
stl-washed-linen-duvet-set,,,,,,,,King,,Cloud,STL-WASHED-LINEN-DUVET-SET-3,1000,,,deny,manual,229.00,,TRUE,TRUE,,,,
stl-washed-linen-duvet-set,,,,,,,,King,,Stone,STL-WASHED-LINEN-DUVET-SET-4,1000,,,deny,manual,229.00,,TRUE,TRUE,,,,
stl-geometric-knit-throw,Geometric Knit Throw,<p>A soft cotton-blend throw with a bold triangle pattern.</p>,Yasir Demo Lab,Throws,"stl-product, stl-look:bedroom",TRUE,Title,Default Title,,,STL-GEOMETRIC-KNIT-THROW-1,1000,,,deny,manual,79.00,99.00,TRUE,TRUE,"https://images.unsplash.com/photo-1600210491305-7396500b5b31?rect=1040,1740,1040,960&w=900&h=900&fit=clip&fm=jpg&q=80",1,Geometric Knit Throw from the Minimal Bedroom look,active
stl-opal-globe-table-lamp,Opal Globe Table Lamp,<p>Mouth-blown opal glass on a slim brass base.</p>,Yasir Demo Lab,Lighting,"stl-product, stl-look:bedroom",TRUE,Title,Default Title,,,STL-OPAL-GLOBE-TABLE-LAMP-1,1000,,,deny,manual,89.00,,TRUE,TRUE,"https://images.unsplash.com/photo-1600210491305-7396500b5b31?rect=2920,1530,600,450&w=900&h=900&fit=clip&fm=jpg&q=80",1,Opal Globe Table Lamp from the Minimal Bedroom look,active
stl-pedestal-side-table,Pedestal Side Table,<p>A sculptural side table in matte white composite.</p>,Yasir Demo Lab,Tables,"stl-product, stl-look:bedroom",TRUE,Title,Default Title,,,STL-PEDESTAL-SIDE-TABLE-1,1000,,,deny,manual,159.00,,TRUE,TRUE,"https://images.unsplash.com/photo-1600210491305-7396500b5b31?rect=2840,1800,760,930&w=900&h=900&fit=clip&fm=jpg&q=80",1,Pedestal Side Table from the Minimal Bedroom look,active
stl-woven-floor-pouf,Woven Floor Pouf,<p>Braided jute pouf for extra seating or a footrest.</p>,Yasir Demo Lab,Decor,"stl-product, stl-look:bedroom",TRUE,Color,Natural,,,STL-WOVEN-FLOOR-POUF-1,1000,shopify,25,deny,manual,69.00,,TRUE,TRUE,"https://images.unsplash.com/photo-1600210491305-7396500b5b31?rect=1080,2430,1040,570&w=900&h=900&fit=clip&fm=jpg&q=80",1,Woven Floor Pouf from the Minimal Bedroom look,active
stl-woven-floor-pouf,,,,,,,,Charcoal,,,STL-WOVEN-FLOOR-POUF-2,1000,shopify,0,deny,manual,69.00,,TRUE,TRUE,,,,
stl-coastline-outdoor-loveseat,Coastline Outdoor Loveseat,"<p>Powder-coated aluminium frame with quick-dry, all-weather cushions.</p>",Yasir Demo Lab,Outdoor,"stl-product, stl-look:outdoor",TRUE,Color,Stone,,,STL-COASTLINE-OUTDOOR-LOVESEAT-1,1000,,,deny,manual,749.00,,TRUE,TRUE,"https://images.unsplash.com/photo-1762608675427-09ac2dbd1540?rect=2580,1720,1620,960&w=900&h=900&fit=clip&fm=jpg&q=80",1,Coastline Outdoor Loveseat from the Outdoor Lounge look,active
stl-coastline-outdoor-loveseat,,,,,,,,Graphite,,,STL-COASTLINE-OUTDOOR-LOVESEAT-2,1000,,,deny,manual,749.00,,TRUE,TRUE,,,,
stl-coastline-lounge-chair,Coastline Lounge Chair,<p>The matching lounge chair with a gently reclined back.</p>,Yasir Demo Lab,Outdoor,"stl-product, stl-look:outdoor",TRUE,Color,Stone,,,STL-COASTLINE-LOUNGE-CHAIR-1,1000,shopify,25,deny,manual,399.00,,TRUE,TRUE,"https://images.unsplash.com/photo-1762608675427-09ac2dbd1540?rect=4020,2000,1260,1240&w=900&h=900&fit=clip&fm=jpg&q=80",1,Coastline Lounge Chair from the Outdoor Lounge look,active
stl-coastline-lounge-chair,,,,,,,,Graphite,,,STL-COASTLINE-LOUNGE-CHAIR-2,1000,shopify,0,deny,manual,399.00,,TRUE,TRUE,,,,
stl-slatted-outdoor-coffee-table,Slatted Outdoor Coffee Table,<p>Slatted aluminium top that drains quickly after rain.</p>,Yasir Demo Lab,Outdoor,"stl-product, stl-look:outdoor",TRUE,Title,Default Title,,,STL-SLATTED-OUTDOOR-COFFEE-TABLE-1,1000,,,deny,manual,329.00,,TRUE,TRUE,"https://images.unsplash.com/photo-1762608675427-09ac2dbd1540?rect=2160,2240,1560,840&w=900&h=900&fit=clip&fm=jpg&q=80",1,Slatted Outdoor Coffee Table from the Outdoor Lounge look,active
stl-concrete-cube-side-table,Concrete Cube Side Table,<p>Light-weight fibre-concrete cube. Back in stock soon.</p>,Yasir Demo Lab,Outdoor,"stl-product, stl-look:outdoor",TRUE,Title,Default Title,,,STL-CONCRETE-CUBE-SIDE-TABLE-1,1000,shopify,0,deny,manual,129.00,,TRUE,TRUE,"https://images.unsplash.com/photo-1762608675427-09ac2dbd1540?rect=1440,2200,900,760&w=900&h=900&fit=clip&fm=jpg&q=80",1,Concrete Cube Side Table from the Outdoor Lounge look,active
stl-mesh-task-chair,Mesh Task Chair,"<p>Breathable mesh back, adjustable lumbar support and 4D armrests.</p>",Yasir Demo Lab,Office,"stl-product, stl-look:office",TRUE,Color,Black,,,STL-MESH-TASK-CHAIR-1,1000,,,deny,manual,349.00,399.00,TRUE,TRUE,"https://images.unsplash.com/photo-1633789638578-eef0da1dc063?rect=751,1258,1369,1987&w=900&h=900&fit=clip&fm=jpg&q=80",1,Mesh Task Chair from the Home Office look,active
stl-mesh-task-chair,,,,,,,,Grey,,,STL-MESH-TASK-CHAIR-2,1000,,,deny,manual,349.00,399.00,TRUE,TRUE,,,,
stl-sit-stand-desk,Sit-Stand Desk,<p>Dual-motor height adjustment from 65 to 128 cm with a solid oak top.</p>,Yasir Demo Lab,Office,"stl-product, stl-look:office",TRUE,Width,120 cm,,,STL-SIT-STAND-DESK-1,1000,,,deny,manual,549.00,,TRUE,TRUE,"https://images.unsplash.com/photo-1633789638578-eef0da1dc063?rect=706,1523,2914,1391&w=900&h=900&fit=clip&fm=jpg&q=80",1,Sit-Stand Desk from the Home Office look,active
stl-sit-stand-desk,,,,,,,,140 cm,,,STL-SIT-STAND-DESK-2,1000,,,deny,manual,599.00,,TRUE,TRUE,,,,
stl-sit-stand-desk,,,,,,,,160 cm,,,STL-SIT-STAND-DESK-3,1000,,,deny,manual,649.00,,TRUE,TRUE,,,,
stl-botanical-framed-print,Botanical Framed Print,<p>Archival giclée print in a slim natural oak frame.</p>,Yasir Demo Lab,Wall art,"stl-product, stl-look:office",TRUE,Size,A3,,,STL-BOTANICAL-FRAMED-PRINT-1,1000,,,deny,manual,59.00,,TRUE,TRUE,"https://images.unsplash.com/photo-1633789638578-eef0da1dc063?rect=1898,66,706,497&w=900&h=900&fit=clip&fm=jpg&q=80",1,Botanical Framed Print from the Home Office look,active
stl-botanical-framed-print,,,,,,,,A2,,,STL-BOTANICAL-FRAMED-PRINT-2,1000,,,deny,manual,79.00,,TRUE,TRUE,,,,
stl-snake-plant-ceramic-pot,Snake Plant in Ceramic Pot,<p>An easy-care snake plant in a speckled ceramic pot.</p>,Yasir Demo Lab,Plants,"stl-product, stl-look:office",TRUE,Title,Default Title,,,STL-SNAKE-PLANT-CERAMIC-POT-1,1000,,,deny,manual,45.00,,TRUE,TRUE,"https://images.unsplash.com/photo-1633789638578-eef0da1dc063?rect=3355,695,662,795&w=900&h=900&fit=clip&fm=jpg&q=80",1,Snake Plant in Ceramic Pot from the Home Office look,active
stl-walnut-plant-stand,Walnut Plant Stand,<p>Solid walnut stand with a lower shelf for books.</p>,Yasir Demo Lab,Furniture,"stl-product, stl-look:office",TRUE,Title,Default Title,,,STL-WALNUT-PLANT-STAND-1,1000,,,deny,manual,119.00,,TRUE,TRUE,"https://images.unsplash.com/photo-1633789638578-eef0da1dc063?rect=3311,1457,751,1258&w=900&h=900&fit=clip&fm=jpg&q=80",1,Walnut Plant Stand from the Home Office look,active
